统计日期,栏目键,栏目名称,栏目链接,栏目文章数,栏目热点词,文章标题,发布时间,关键词,摘要,文章链接
2026-04-22,专题,专题,https://36kr.com,10,专题:10,氪大事 | 为了保住同伙，AI有多癫？,2026-04-15,专题,,https://36kr.com/video/3766585318896386
2026-04-22,专题,专题,https://36kr.com,10,专题:10,于东来和魏建军，两个“最轴”的老板“约会”了,2026-04-14,专题,,https://36kr.com/video/3764840757948933
2026-04-22,专题,专题,https://36kr.com,10,专题:10,AI盗脸风波：当技术“越界” 如何守住自己的数字人格？,2026-04-13,专题,,https://36kr.com/video/3765091828527880
2026-04-22,专题,专题,https://36kr.com,10,专题:10,小米汽车重磅任命：胡峥楠任CTO，宋钢任参谋长｜36氪独家,2026-04-17,专题,,https://36kr.com/p/3770688595214857
2026-04-22,专题,专题,https://36kr.com,10,专题:10,「美股例外」何时休？,2026-04-14,专题,,https://36kr.com/p/3766410231726855
2026-04-22,专题,专题,https://36kr.com,10,专题:10,创业老炮vs00后，谁是下一代“一人公司”的标准样板,2026-04-13,专题,,https://36kr.com/p/3764728843289089
2026-04-22,专题,专题,https://36kr.com,10,专题:10,《明末》团队解散背后，国产单机究竟还缺什么？,2026-04-15,专题,,https://36kr.com/p/3766718158324489
2026-04-22,专题,专题,https://36kr.com,10,专题:10,野人先生崔渐为：“网红”标签对我们不公平丨厚雪专访,2026-04-13,专题,,https://36kr.com/p/3765076875117314
2026-04-22,专题,专题,https://36kr.com,10,专题:10,半年融资近2亿，他要用AI发球机器人解决全球1亿人的训练难题｜硬氪专访,2026-04-14,专题,,https://36kr.com/p/3764953900990977
2026-04-22,专题,专题,https://36kr.com,10,专题:10,智能体“军团”进入临床试验，北大校友四个月融了2亿美金、估值翻6倍,2026-04-13,专题,,https://36kr.com/p/3757975636050695
2026-04-22,活动,活动,https://36kr.com,8,活动:8,FBIF2026食品饮料创新论坛及FBIF展览,2026-04-22,活动,时间: 04月27日-04月29日 | 地点: 杭州 | 5天后开始,https://www.foodtalks.cn/fbif/2026
2026-04-22,活动,活动,https://36kr.com,8,活动:8,科技与美学 2026亿邦新竞争力品牌大会,2026-04-22,活动,时间: 04月21日-04月22日 | 地点: 上海 | 进行中,https://www.ebrun.com/meeting/202601/4430.html
2026-04-22,活动,活动,https://36kr.com,8,活动:8,AttraX「春潮·Spring｜深圳黑客松」,2026-04-22,活动,时间: 04月17日-04月26日 | 地点: 深圳 | 进行中,https://mp.weixin.qq.com/s/mFfKdnAooLOfzDOLiq8YRg
2026-04-22,活动,活动,https://36kr.com,8,活动:8,云智思享会 ·干活吧，AGENT！,2026-04-22,活动,时间: 04月21日-04月21日 | 地点: 北京 | 主题: 产品构建、场景落地与商业化实践 | 已结束,https://36kr.com/sign-up-activity/1843
2026-04-22,活动,活动,https://36kr.com,8,活动:8,第六届CHWE出海网全球跨境电商展（深圳）春季展,2026-04-22,活动,时间: 03月30日-04月01日 | 地点: 深圳 | 已结束,https://hdxu.cn/1DVuw
2026-04-22,活动,活动,https://36kr.com,8,活动:8,第七届中关村硬科技嘉年华——星物种首发开放麦,2026-04-22,活动,时间: 03月27日-03月27日 | 地点: 北京 | 主题: 未来的现场实验 | 已结束,https://www.huodongxing.com/event/7852857232800
2026-04-22,活动,活动,https://36kr.com,8,活动:8,融中第十五届中国资本年会暨大虹桥科创投资大会,2026-04-22,活动,时间: 01月13日-01月14日 | 地点: 上海 | 已结束,https://7152049675429.huodongxing.com/event/7841451569600
2026-04-22,活动,活动,https://36kr.com,8,活动:8,懒熊体育第十届体育产业嘉年华,2026-04-22,活动,时间: 01月08日-01月08日 | 地点: 北京 | 已结束,https://www.huodongxing.com/event/4835430940800
2026-04-22,36氪独家,36氪独家,https://36kr.com,5,36氪独家:5,智界要打翻盘仗：V9给了年均12万辆指引｜ 36 氪 独 家,2026-04-22,36氪独家,,https://36kr.com/p/3776741071571200
2026-04-22,36氪独家,36氪独家,https://36kr.com,5,36氪独家:5,36 氪 独 家 专访 | 拿到大疆、美团投资后，智能派追赶拓竹，要打“老二”翻身仗,2026-04-22,36氪独家,,https://36kr.com/p/3773892499096068
2026-04-22,36氪独家,36氪独家,https://36kr.com,5,36氪独家:5,小米汽车重磅任命：胡峥楠任CTO，宋钢任参谋长｜ 36 氪 独 家,2026-04-22,36氪独家,,https://36kr.com/p/3770688595214857
2026-04-22,36氪独家,36氪独家,https://36kr.com,5,36氪独家:5,欣旺达装车特斯拉，供应全球车型｜ 36 氪 独 家,2026-04-22,36氪独家,,https://36kr.com/p/3759598959969030
2026-04-22,36氪独家,36氪独家,https://36kr.com,5,36氪独家:5,获韶音投资，一家AI公司做了“硬件版OpenClaw” | 36 氪 独 家,2026-04-22,36氪独家,,https://36kr.com/p/3749149674439169
2026-04-22,深氪,深氪,https://36kr.com,5,深氪:5,智谱、MiniMax港股IPO，熬过孤独的人和500亿奖赏 | 深 氪 lite,2026-04-22,深氪,,https://36kr.com/p/3631042586395657
2026-04-22,深氪,深氪,https://36kr.com,5,深氪:5,七天挣百万，短剧演员的改命之路｜ 深 氪 lite,2026-04-22,深氪,,https://36kr.com/p/3586384697703553
2026-04-22,深氪,深氪,https://36kr.com,5,深氪:5,我的男友是虚拟的，但他很快就会变成现实｜ 深 氪,2026-04-22,深氪,,https://36kr.com/p/3591180729696516
2026-04-22,深氪,深氪,https://36kr.com,5,深氪:5,Manus数十亿美元卖身，中国AI应用的关键词只有一个｜ 深 氪,2026-04-22,深氪,,https://36kr.com/p/3618211929555974
2026-04-22,深氪,深氪,https://36kr.com,5,深氪:5,全球硬件大爆款，生于中国｜ 深 氪,2026-04-22,深氪,,https://36kr.com/p/3470301182891396
2026-04-22,后浪白皮书,后浪白皮书,https://36kr.com,3,后浪白皮书:3,想戒也戒不掉的奶茶，是留给打工人最后的甜 | 后 浪 白 皮 书,2026-04-22,后浪白皮书,,https://36kr.com/p/1382700624657540
2026-04-22,后浪白皮书,后浪白皮书,https://36kr.com,3,后浪白皮书:3,大年初一聊聊天，愿你23年野蛮生长 、无拘无碍,2026-04-22,后浪白皮书,,https://36kr.com/p/2107240846066050
2026-04-22,后浪白皮书,后浪白皮书,https://36kr.com,3,后浪白皮书:3,核心服务,2026-04-22,后浪白皮书,,https://www.36kr.com/p/2492318105786505
2026-04-22,long-china-50,Long China 50,https://36kr.com,5,Long China 50:5,字节再试AI硬件：用收购补充团队、两条产品线共发力丨 Long China 50 独家,2026-04-22,Long China 50,,https://36kr.com/p/2785354366305413
2026-04-22,long-china-50,Long China 50,https://36kr.com,5,Long China 50:5,小红书内测自研大模型“小地瓜”，社交和搜索是落地方向 | Long China 50 独家,2026-04-22,Long China 50,,https://36kr.com/p/2754311490730760
2026-04-22,long-china-50,Long China 50,https://36kr.com,5,Long China 50:5,AI大牛杨红霞离职创业，曾为字节和阿里大模型研发主力 | Long China 50 独家,2026-04-22,Long China 50,,https://36kr.com/p/2788351176311687
2026-04-22,long-china-50,Long China 50,https://36kr.com,5,Long China 50:5,美团再出手大模型，独家投资「智谱AI」| Long China 50 独家,2026-04-22,Long China 50,,https://36kr.com/p/2199303305939075
2026-04-22,long-china-50,Long China 50,https://36kr.com,5,Long China 50:5,小米生态链模式十年来最大调整，提出分级管理策略丨 Long China 50 独家,2026-04-22,Long China 50,,https://36kr.com/p/2684326515309572
2026-04-22,新青年观察,新青年观察,https://36kr.com,4,新青年观察:4,当00后开始做老板：佛系、平等、「无组织无纪律」,2026-04-22,新青年观察,,https://36kr.com/p/1709731907540481
2026-04-22,新青年观察,新青年观察,https://36kr.com,4,新青年观察:4,年轻人，你到底有多「硬」？,2026-04-22,新青年观察,,https://36kr.com/p/887258865166853
2026-04-22,新青年观察,新青年观察,https://36kr.com,4,新青年观察:4,这届抖音年轻人，把短视频搞成了艺术大片,2026-04-22,新青年观察,,https://36kr.com/p/1723992342529
2026-04-22,新青年观察,新青年观察,https://36kr.com,4,新青年观察:4,核心服务,2026-04-22,新青年观察,,https://www.36kr.com/p/2492318105786505
2026-04-22,krlab,KRLab,https://36kr.com,1,KRLab:1,核心服务,2026-04-22,KRLab,,https://www.36kr.com/p/2492318105786505
